radius1,texture1,perimeter1,area1,smoothness1,compactness1,concavity1,concave_points1,symmetry1,fractal_dimension1,radius2,texture2,perimeter2,area2,smoothness2,compactness2,concavity2,concave_points2,symmetry2,fractal_dimension2,radius3,texture3,perimeter3,area3,smoothness3,compactness3,concavity3,concave_points3,symmetry3,fractal_dimension3
10.26,14.71,66.2,321.6,0.09882,0.09159,0.03581,0.02037,0.1633,0.07005,0.338,2.509,2.394,19.33,0.01736,0.04671,0.02611,0.01296,0.03675,0.006758,10.88,19.48,70.89,357.1,0.136,0.1636,0.07162,0.04074,0.2434,0.08488
16.13,17.88,107.0,807.2,0.104,0.1559,0.1354,0.07752,0.1998,0.06515,0.334,0.6857,2.183,35.03,0.004185,0.02868,0.02664,0.009067,0.01703,0.003817,20.21,27.26,132.7,1261.0,0.1446,0.5804,0.5274,0.1864,0.427,0.1233
14.5,10.89,94.28,640.7,0.1101,0.1099,0.08842,0.05778,0.1856,0.06402,0.2929,0.857,1.928,24.19,0.003818,0.01276,0.02882,0.012,0.0191,0.002808,15.7,15.98,102.8,745.5,0.1313,0.1788,0.256,0.1221,0.2889,0.08006
13.17,18.22,84.28,537.3,0.07466,0.05994,0.04859,0.0287,0.1454,0.05549,0.2023,0.685,1.236,16.89,0.005969,0.01493,0.01564,0.008463,0.01093,0.001672,14.9,23.89,95.1,687.6,0.1282,0.1965,0.1876,0.1045,0.2235,0.06925
13.7,17.64,87.76,571.1,0.0995,0.07957,0.04548,0.0316,0.1732,0.06088,0.2431,0.9462,1.564,20.64,0.003245,0.008186,0.01698,0.009233,0.01285,0.001524,14.96,23.53,95.78,686.5,0.1199,0.1346,0.1742,0.09077,0.2518,0.0696
14.42,19.77,94.48,642.5,0.09752,0.1141,0.09388,0.05839,0.1879,0.0639,0.2895,1.851,2.376,26.85,0.008005,0.02895,0.03321,0.01424,0.01462,0.004452,16.33,30.86,109.5,826.4,0.1431,0.3026,0.3194,0.1565,0.2718,0.09353
13.85,19.6,88.68,592.6,0.08684,0.0633,0.01342,0.02293,0.1555,0.05673,0.3419,1.678,2.331,29.63,0.005836,0.01095,0.005812,0.007039,0.02014,0.002326,15.63,28.01,100.9,749.1,0.1118,0.1141,0.04753,0.0589,0.2513,0.06911
8.888,14.64,58.79,244.0,0.09783,0.1531,0.08606,0.02872,0.1902,0.0898,0.5262,0.8522,3.168,25.44,0.01721,0.09368,0.05671,0.01766,0.02541,0.02193,9.733,15.67,62.56,284.4,0.1207,0.2436,0.1434,0.04786,0.2254,0.1084
11.63,29.29,74.87,415.1,0.09357,0.08574,0.0716,0.02017,0.1799,0.06166,0.3135,2.426,2.15,23.13,0.009861,0.02418,0.04275,0.009215,0.02475,0.002128,13.12,38.81,86.04,527.8,0.1406,0.2031,0.2923,0.06835,0.2884,0.0722
19.16,26.6,126.2,1138.0,0.102,0.1453,0.1921,0.09664,0.1902,0.0622,0.6361,1.001,4.321,69.65,0.007392,0.02449,0.03988,0.01293,0.01435,0.003446,23.72,35.9,159.8,1724.0,0.1782,0.3841,0.5754,0.1872,0.3258,0.0972
19.59,25.0,127.7,1191.0,0.1032,0.09871,0.1655,0.09063,0.1663,0.05391,0.4674,1.375,2.916,56.18,0.0119,0.01929,0.04907,0.01499,0.01641,0.001807,21.44,30.96,139.8,1421.0,0.1528,0.1845,0.3977,0.1466,0.2293,0.06091
11.95,14.96,77.23,426.7,0.1158,0.1206,0.01171,0.01787,0.2459,0.06581,0.361,1.05,2.455,26.65,0.0058,0.02417,0.007816,0.01052,0.02734,0.003114,12.81,17.72,83.09,496.2,0.1293,0.1885,0.03122,0.04766,0.3124,0.0759
11.57,19.04,74.2,409.7,0.08546,0.07722,0.05485,0.01428,0.2031,0.06267,0.2864,1.44,2.206,20.3,0.007278,0.02047,0.04447,0.008799,0.01868,0.003339,13.07,26.98,86.43,520.5,0.1249,0.1937,0.256,0.06664,0.3035,0.08284
11.28,13.39,73.0,384.8,0.1164,0.1136,0.04635,0.04796,0.1771,0.06072,0.3384,1.343,1.851,26.33,0.01127,0.03498,0.02187,0.01965,0.0158,0.003442,11.92,15.77,76.53,434.0,0.1367,0.1822,0.08669,0.08611,0.2102,0.06784
13.61,24.98,88.05,582.7,0.09488,0.08511,0.08625,0.04489,0.1609,0.05871,0.4565,1.29,2.861,43.14,0.005872,0.01488,0.02647,0.009921,0.01465,0.002355,16.99,35.27,108.6,906.5,0.1265,0.1943,0.3169,0.1184,0.2651,0.07397
12.72,13.78,81.78,492.1,0.09667,0.08393,0.01288,0.01924,0.1638,0.061,0.1807,0.6931,1.34,13.38,0.006064,0.0118,0.006564,0.007978,0.01374,0.001392,13.5,17.48,88.54,553.7,0.1298,0.1472,0.05233,0.06343,0.2369,0.06922
10.91,12.35,69.14,363.7,0.08518,0.04721,0.01236,0.01369,0.1449,0.06031,0.1753,1.027,1.267,11.09,0.003478,0.01221,0.01072,0.009393,0.02941,0.003428,11.37,14.82,72.42,392.2,0.09312,0.07506,0.02884,0.03194,0.2143,0.06643
16.46,20.11,109.3,832.9,0.09831,0.1556,0.1793,0.08866,0.1794,0.06323,0.3037,1.284,2.482,31.59,0.006627,0.04094,0.05371,0.01813,0.01682,0.004584,17.79,28.45,123.5,981.2,0.1415,0.4667,0.5862,0.2035,0.3054,0.09519
16.25,19.51,109.8,815.8,0.1026,0.1893,0.2236,0.09194,0.2151,0.06578,0.3147,0.9857,3.07,33.12,0.009197,0.0547,0.08079,0.02215,0.02773,0.006355,17.39,23.05,122.1,939.7,0.1377,0.4462,0.5897,0.1775,0.3318,0.09136
10.48,19.86,66.72,337.7,0.107,0.05971,0.04831,0.0307,0.1737,0.0644,0.3719,2.612,2.517,23.22,0.01604,0.01386,0.01865,0.01133,0.03476,0.00356,11.48,29.46,73.68,402.8,0.1515,0.1026,0.1181,0.06736,0.2883,0.07748
14.81,14.7,94.66,680.7,0.08472,0.05016,0.03416,0.02541,0.1659,0.05348,0.2182,0.6232,1.677,20.72,0.006708,0.01197,0.01482,0.01056,0.0158,0.001779,15.61,17.58,101.7,760.2,0.1139,0.1011,0.1101,0.07955,0.2334,0.06142
19.44,18.82,128.1,1167.0,0.1089,0.1448,0.2256,0.1194,0.1823,0.06115,0.5659,1.408,3.631,67.74,0.005288,0.02833,0.04256,0.01176,0.01717,0.003211,23.96,30.39,153.9,1740.0,0.1514,0.3725,0.5936,0.206,0.3266,0.09009
19.8,21.56,129.7,1230.0,0.09383,0.1306,0.1272,0.08691,0.2094,0.05581,0.9553,1.186,6.487,124.4,0.006804,0.03169,0.03446,0.01712,0.01897,0.004045,25.73,28.64,170.3,2009.0,0.1353,0.3235,0.3617,0.182,0.307,0.08255
12.81,13.06,81.29,508.8,0.08739,0.03774,0.009193,0.0133,0.1466,0.06133,0.2889,0.9899,1.778,21.79,0.008534,0.006364,0.00618,0.007408,0.01065,0.003351,13.63,16.15,86.7,570.7,0.1162,0.05445,0.02758,0.0399,0.1783,0.07319
14.05,27.15,91.38,600.4,0.09929,0.1126,0.04462,0.04304,0.1537,0.06171,0.3645,1.492,2.888,29.84,0.007256,0.02678,0.02071,0.01626,0.0208,0.005304,15.3,33.17,100.2,706.7,0.1241,0.2264,0.1326,0.1048,0.225,0.08321
18.94,21.31,123.6,1130.0,0.09009,0.1029,0.108,0.07951,0.1582,0.05461,0.7888,0.7975,5.486,96.05,0.004444,0.01652,0.02269,0.0137,0.01386,0.001698,24.86,26.58,165.9,1866.0,0.1193,0.2336,0.2687,0.1789,0.2551,0.06589
20.47,20.67,134.7,1299.0,0.09156,0.1313,0.1523,0.1015,0.2166,0.05419,0.8336,1.736,5.168,100.4,0.004938,0.03089,0.04093,0.01699,0.02816,0.002719,23.23,27.15,152.0,1645.0,0.1097,0.2534,0.3092,0.1613,0.322,0.06386
13.15,15.34,85.31,538.9,0.09384,0.08498,0.09293,0.03483,0.1822,0.06207,0.271,0.7927,1.819,22.79,0.008584,0.02017,0.03047,0.009536,0.02769,0.003479,14.77,20.5,97.67,677.3,0.1478,0.2256,0.3009,0.09722,0.3849,0.08633
9.676,13.14,64.12,272.5,0.1255,0.2204,0.1188,0.07038,0.2057,0.09575,0.2744,1.39,1.787,17.67,0.02177,0.04888,0.05189,0.0145,0.02632,0.01148,10.6,18.04,69.47,328.1,0.2006,0.3663,0.2913,0.1075,0.2848,0.1364
16.26,21.88,107.5,826.8,0.1165,0.1283,0.1799,0.07981,0.1869,0.06532,0.5706,1.457,2.961,57.72,0.01056,0.03756,0.05839,0.01186,0.04022,0.006187,17.73,25.21,113.7,975.2,0.1426,0.2116,0.3344,0.1047,0.2736,0.07953
12.88,28.92,82.5,514.3,0.08123,0.05824,0.06195,0.02343,0.1566,0.05708,0.2116,1.36,1.502,16.83,0.008412,0.02153,0.03898,0.00762,0.01695,0.002801,13.89,35.74,88.84,595.7,0.1227,0.162,0.2439,0.06493,0.2372,0.07242
11.36,17.57,72.49,399.8,0.08858,0.05313,0.02783,0.021,0.1601,0.05913,0.1916,1.555,1.359,13.66,0.005391,0.009947,0.01163,0.005872,0.01341,0.001659,13.05,36.32,85.07,521.3,0.1453,0.1622,0.1811,0.08698,0.2973,0.07745
10.96,17.62,70.79,365.6,0.09687,0.09752,0.05263,0.02788,0.1619,0.06408,0.1507,1.583,1.165,10.09,0.009501,0.03378,0.04401,0.01346,0.01322,0.003534,11.62,26.51,76.43,407.5,0.1428,0.251,0.2123,0.09861,0.2289,0.08278
14.22,23.12,94.37,609.9,0.1075,0.2413,0.1981,0.06618,0.2384,0.07542,0.286,2.11,2.112,31.72,0.00797,0.1354,0.1166,0.01666,0.05113,0.01172,15.74,37.18,106.4,762.4,0.1533,0.9327,0.8488,0.1772,0.5166,0.1446
12.39,17.48,80.64,462.9,0.1042,0.1297,0.05892,0.0288,0.1779,0.06588,0.2608,0.873,2.117,19.2,0.006715,0.03705,0.04757,0.01051,0.01838,0.006884,14.18,23.13,95.23,600.5,0.1427,0.3593,0.3206,0.09804,0.2819,0.1118
13.71,20.83,90.2,577.9,0.1189,0.1645,0.09366,0.05985,0.2196,0.07451,0.5835,1.377,3.856,50.96,0.008805,0.03029,0.02488,0.01448,0.01486,0.005412,17.06,28.14,110.6,897.0,0.1654,0.3682,0.2678,0.1556,0.3196,0.1151
12.72,17.67,80.98,501.3,0.07896,0.04522,0.01402,0.01835,0.1459,0.05544,0.2954,0.8836,2.109,23.24,0.007337,0.01174,0.005383,0.005623,0.0194,0.00118,13.82,20.96,88.87,586.8,0.1068,0.09605,0.03469,0.03612,0.2165,0.06025
13.48,20.82,88.4,559.2,0.1016,0.1255,0.1063,0.05439,0.172,0.06419,0.213,0.5914,1.545,18.52,0.005367,0.02239,0.03049,0.01262,0.01377,0.003187,15.53,26.02,107.3,740.4,0.161,0.4225,0.503,0.2258,0.2807,0.1071
19.59,18.15,130.7,1214.0,0.112,0.1666,0.2508,0.1286,0.2027,0.06082,0.7364,1.048,4.792,97.07,0.004057,0.02277,0.04029,0.01303,0.01686,0.003318,26.73,26.39,174.9,2232.0,0.1438,0.3846,0.681,0.2247,0.3643,0.09223
18.81,19.98,120.9,1102.0,0.08923,0.05884,0.0802,0.05843,0.155,0.04996,0.3283,0.828,2.363,36.74,0.007571,0.01114,0.02623,0.01463,0.0193,0.001676,19.96,24.3,129.0,1236.0,0.1243,0.116,0.221,0.1294,0.2567,0.05737
9.042,18.9,60.07,244.5,0.09968,0.1972,0.1975,0.04908,0.233,0.08743,0.4653,1.911,3.769,24.2,0.009845,0.0659,0.1027,0.02527,0.03491,0.007877,10.06,23.4,68.62,297.1,0.1221,0.3748,0.4609,0.1145,0.3135,0.1055
7.76,24.54,47.92,181.0,0.05263,0.04362,0.0,0.0,0.1587,0.05884,0.3857,1.428,2.548,19.15,0.007189,0.00466,0.0,0.0,0.02676,0.002783,9.456,30.37,59.16,268.6,0.08996,0.06444,0.0,0.0,0.2871,0.07039
13.5,12.71,85.69,566.2,0.07376,0.03614,0.002758,0.004419,0.1365,0.05335,0.2244,0.6864,1.509,20.39,0.003338,0.003746,0.00203,0.003242,0.0148,0.001566,14.97,16.94,95.48,698.7,0.09023,0.05836,0.01379,0.0221,0.2267,0.06192
13.11,22.54,87.02,529.4,0.1002,0.1483,0.08705,0.05102,0.185,0.0731,0.1931,0.9223,1.491,15.09,0.005251,0.03041,0.02526,0.008304,0.02514,0.004198,14.55,29.16,99.48,639.3,0.1349,0.4402,0.3162,0.1126,0.4128,0.1076
11.89,18.35,77.32,432.2,0.09363,0.1154,0.06636,0.03142,0.1967,0.06314,0.2963,1.563,2.087,21.46,0.008872,0.04192,0.05946,0.01785,0.02793,0.004775,13.25,27.1,86.2,531.2,0.1405,0.3046,0.2806,0.1138,0.3397,0.08365
12.06,18.9,76.66,445.3,0.08386,0.05794,0.00751,0.008488,0.1555,0.06048,0.243,1.152,1.559,18.02,0.00718,0.01096,0.005832,0.005495,0.01982,0.002754,13.64,27.06,86.54,562.6,0.1289,0.1352,0.04506,0.05093,0.288,0.08083
12.31,16.52,79.19,470.9,0.09172,0.06829,0.03372,0.02272,0.172,0.05914,0.2505,1.025,1.74,19.68,0.004854,0.01819,0.01826,0.007965,0.01386,0.002304,14.11,23.21,89.71,611.1,0.1176,0.1843,0.1703,0.0866,0.2618,0.07609
15.06,19.83,100.3,705.6,0.1039,0.1553,0.17,0.08815,0.1855,0.06284,0.4768,0.9644,3.706,47.14,0.00925,0.03715,0.04867,0.01851,0.01498,0.00352,18.23,24.23,123.5,1025.0,0.1551,0.4203,0.5203,0.2115,0.2834,0.08234
21.61,22.28,144.4,1407.0,0.1167,0.2087,0.281,0.1562,0.2162,0.06606,0.6242,0.9209,4.158,80.99,0.005215,0.03726,0.04718,0.01288,0.02045,0.004028,26.23,28.74,172.0,2081.0,0.1502,0.5717,0.7053,0.2422,0.3828,0.1007
19.4,18.18,127.2,1145.0,0.1037,0.1442,0.1626,0.09464,0.1893,0.05892,0.4709,0.9951,2.903,53.16,0.005654,0.02199,0.03059,0.01499,0.01623,0.001965,23.79,28.65,152.4,1628.0,0.1518,0.3749,0.4316,0.2252,0.359,0.07787
14.76,14.74,94.87,668.7,0.08875,0.0778,0.04608,0.03528,0.1521,0.05912,0.3428,0.3981,2.537,29.06,0.004732,0.01506,0.01855,0.01067,0.02163,0.002783,17.27,17.93,114.2,880.8,0.122,0.2009,0.2151,0.1251,0.3109,0.08187
8.95,15.76,58.74,245.2,0.09462,0.1243,0.09263,0.02308,0.1305,0.07163,0.3132,0.9789,3.28,16.94,0.01835,0.0676,0.09263,0.02308,0.02384,0.005601,9.414,17.07,63.34,270.0,0.1179,0.1879,0.1544,0.03846,0.1652,0.07722
12.19,13.29,79.08,455.8,0.1066,0.09509,0.02855,0.02882,0.188,0.06471,0.2005,0.8163,1.973,15.24,0.006773,0.02456,0.01018,0.008094,0.02662,0.004143,13.34,17.81,91.38,545.2,0.1427,0.2585,0.09915,0.08187,0.3469,0.09241
10.71,20.39,69.5,344.9,0.1082,0.1289,0.08448,0.02867,0.1668,0.06862,0.3198,1.489,2.23,20.74,0.008902,0.04785,0.07339,0.01745,0.02728,0.00761,11.69,25.21,76.51,410.4,0.1335,0.255,0.2534,0.086,0.2605,0.08701
12.67,17.3,81.25,489.9,0.1028,0.07664,0.03193,0.02107,0.1707,0.05984,0.21,0.9505,1.566,17.61,0.006809,0.009514,0.01329,0.006474,0.02057,0.001784,13.71,21.1,88.7,574.4,0.1384,0.1212,0.102,0.05602,0.2688,0.06888
10.18,17.53,65.12,313.1,0.1061,0.08502,0.01768,0.01915,0.191,0.06908,0.2467,1.217,1.641,15.05,0.007899,0.014,0.008534,0.007624,0.02637,0.003761,11.17,22.84,71.94,375.6,0.1406,0.144,0.06572,0.05575,0.3055,0.08797
15.34,14.26,102.5,704.4,0.1073,0.2135,0.2077,0.09756,0.2521,0.07032,0.4388,0.7096,3.384,44.91,0.006789,0.05328,0.06446,0.02252,0.03672,0.004394,18.07,19.08,125.1,980.9,0.139,0.5954,0.6305,0.2393,0.4667,0.09946
